﻿<parameters>
  <parameter name="IIS Web Application Name" defaultValue="Default Web Site/StudentsList_deploy" tags="IisApp">
    <parameterEntry kind="ProviderPath" scope="IisApp" match="^R:\\VSprojects\\StudentsList\\StudentsList\\obj\\Debug\\Package\\PackageTmp$" />
    <parameterEntry kind="ProviderPath" scope="setAcl" match="^R:\\VSprojects\\StudentsList\\StudentsList\\obj\\Debug\\Package\\PackageTmp$" />
  </parameter>
  <parameter name="Add write permission to App_Data Folder" description="Add write permission to App_Data folder" defaultValue="{IIS Web Application Name}/App_Data" tags="Hidden">
    <parameterEntry kind="ProviderPath" scope="setAcl" match="^R:\\VSprojects\\StudentsList\\StudentsList\\obj\\Debug\\Package\\PackageTmp\\App_Data$" />
  </parameter>
  <parameter name="MyTestParam" description="My Test Param" defaultValue="555-555">
    <parameterEntry kind="XmlFile" scope="\\App_Data\\StudentsList.xml" match="//Student/Phone/text()" />
  </parameter>
</parameters>